{
  "run_id": "20260309_234217",
  "target_model": "claude-opus-4-6",
  "n_trials": 3,
  "n_tasks": 28,
  "overall_pass_rate": 0.8571428571428571,
  "pass_at_k": {
    "1": 0.8571428571428571,
    "3": 0.8571428571428571,
    "5": 0.8571428571428571,
    "10": 0.8571428571428571
  },
  "pass_hat_k": {
    "1": 0.8571428571428571,
    "3": 0.8571428571428571,
    "5": 0.8571428571428571,
    "10": 0.8571428571428571
  },
  "task_results": {
    "context_awareness": {
      "pass_rate": 1.0,
      "mean_score": 0.9866666666666667,
      "std_score": 0.018856180831641284,
      "pass_at_k": {
        "1": 1.0,
        "3": 1.0,
        "5": 1.0,
        "10": 1.0
      },
      "pass_hat_k": {
        "1": 1.0,
        "3": 1.0,
        "5": 1.0,
        "10": 1.0
      },
      "scores": [
        1.0,
        1.0,
        0.96
      ]
    },
    "evaluation": {
      "pass_rate": 1.0,
      "mean_score": 0.8406666666666668,
      "std_score": 0.0654081204608589,
      "pass_at_k": {
        "1": 1.0,
        "3": 1.0,
        "5": 1.0,
        "10": 1.0
      },
      "pass_hat_k": {
        "1": 1.0,
        "3": 1.0,
        "5": 1.0,
        "10": 1.0
      },
      "scores": [
        0.8560000000000001,
        0.9120000000000001,
        0.754
      ]
    },
    "goal_management": {
      "pass_rate": 1.0,
      "mean_score": 0.8860000000000001,
      "std_score": 0.019798989873223347,
      "pass_at_k": {
        "1": 1.0,
        "3": 1.0,
        "5": 1.0,
        "10": 1.0
      },
      "pass_hat_k": {
        "1": 1.0,
        "3": 1.0,
        "5": 1.0,
        "10": 1.0
      },
      "scores": [
        0.9000000000000001,
        0.8580000000000001,
        0.9000000000000001
      ]
    },
    "self_awareness": {
      "pass_rate": 1.0,
      "mean_score": 0.91,
      "std_score": 0.08286535263104033,
      "pass_at_k": {
        "1": 1.0,
        "3": 1.0,
        "5": 1.0,
        "10": 1.0
      },
      "pass_hat_k": {
        "1": 1.0,
        "3": 1.0,
        "5": 1.0,
        "10": 1.0
      },
      "scores": [
        0.8,
        1.0,
        0.9299999999999999
      ]
    },
    "strategy_selection": {
      "pass_rate": 1.0,
      "mean_score": 1.0,
      "std_score": 0.0,
      "pass_at_k": {
        "1": 1.0,
        "3": 1.0,
        "5": 1.0,
        "10": 1.0
      },
      "pass_hat_k": {
        "1": 1.0,
        "3": 1.0,
        "5": 1.0,
        "10": 1.0
      },
      "scores": [
        1.0,
        1.0,
        1.0
      ]
    },
    "compositionality": {
      "pass_rate": 1.0,
      "mean_score": 1.0,
      "std_score": 0.0,
      "pass_at_k": {
        "1": 1.0,
        "3": 1.0,
        "5": 1.0,
        "10": 1.0
      },
      "pass_hat_k": {
        "1": 1.0,
        "3": 1.0,
        "5": 1.0,
        "10": 1.0
      },
      "scores": [
        1.0,
        1.0,
        1.0
      ]
    },
    "conceptual_processing": {
      "pass_rate": 1.0,
      "mean_score": 1.0,
      "std_score": 0.0,
      "pass_at_k": {
        "1": 1.0,
        "3": 1.0,
        "5": 1.0,
        "10": 1.0
      },
      "pass_hat_k": {
        "1": 1.0,
        "3": 1.0,
        "5": 1.0,
        "10": 1.0
      },
      "scores": [
        1.0,
        1.0,
        1.0
      ]
    },
    "logical_coherence": {
      "pass_rate": 1.0,
      "mean_score": 1.0,
      "std_score": 0.0,
      "pass_at_k": {
        "1": 1.0,
        "3": 1.0,
        "5": 1.0,
        "10": 1.0
      },
      "pass_hat_k": {
        "1": 1.0,
        "3": 1.0,
        "5": 1.0,
        "10": 1.0
      },
      "scores": [
        1.0,
        1.0,
        1.0
      ]
    },
    "productivity": {
      "pass_rate": 1.0,
      "mean_score": 0.9766666666666666,
      "std_score": 0.03299831645537225,
      "pass_at_k": {
        "1": 1.0,
        "3": 1.0,
        "5": 1.0,
        "10": 1.0
      },
      "pass_hat_k": {
        "1": 1.0,
        "3": 1.0,
        "5": 1.0,
        "10": 1.0
      },
      "scores": [
        1.0,
        1.0,
        0.9299999999999999
      ]
    },
    "abstraction": {
      "pass_rate": 1.0,
      "mean_score": 0.9766666666666666,
      "std_score": 0.03299831645537225,
      "pass_at_k": {
        "1": 1.0,
        "3": 1.0,
        "5": 1.0,
        "10": 1.0
      },
      "pass_hat_k": {
        "1": 1.0,
        "3": 1.0,
        "5": 1.0,
        "10": 1.0
      },
      "scores": [
        0.9299999999999999,
        1.0,
        1.0
      ]
    },
    "adaptive_detail_management": {
      "pass_rate": 1.0,
      "mean_score": 1.0,
      "std_score": 0.0,
      "pass_at_k": {
        "1": 1.0,
        "3": 1.0,
        "5": 1.0,
        "10": 1.0
      },
      "pass_hat_k": {
        "1": 1.0,
        "3": 1.0,
        "5": 1.0,
        "10": 1.0
      },
      "scores": [
        1.0,
        1.0,
        1.0
      ]
    },
    "backtracking": {
      "pass_rate": 1.0,
      "mean_score": 0.9099999999999998,
      "std_score": 1.1102230246251565e-16,
      "pass_at_k": {
        "1": 1.0,
        "3": 1.0,
        "5": 1.0,
        "10": 1.0
      },
      "pass_hat_k": {
        "1": 1.0,
        "3": 1.0,
        "5": 1.0,
        "10": 1.0
      },
      "scores": [
        0.9099999999999999,
        0.9099999999999999,
        0.9099999999999999
      ]
    },
    "backward_chaining": {
      "pass_rate": 1.0,
      "mean_score": 1.0,
      "std_score": 0.0,
      "pass_at_k": {
        "1": 1.0,
        "3": 1.0,
        "5": 1.0,
        "10": 1.0
      },
      "pass_hat_k": {
        "1": 1.0,
        "3": 1.0,
        "5": 1.0,
        "10": 1.0
      },
      "scores": [
        1.0,
        1.0,
        1.0
      ]
    },
    "context_alignment": {
      "pass_rate": 1.0,
      "mean_score": 0.84,
      "std_score": 0.16970562748477136,
      "pass_at_k": {
        "1": 1.0,
        "3": 1.0,
        "5": 1.0,
        "10": 1.0
      },
      "pass_hat_k": {
        "1": 1.0,
        "3": 1.0,
        "5": 1.0,
        "10": 1.0
      },
      "scores": [
        0.6000000000000001,
        0.96,
        0.96
      ]
    },
    "decomposition_and_integration": {
      "pass_rate": 1.0,
      "mean_score": 0.9866666666666667,
      "std_score": 0.018856180831641284,
      "pass_at_k": {
        "1": 1.0,
        "3": 1.0,
        "5": 1.0,
        "10": 1.0
      },
      "pass_hat_k": {
        "1": 1.0,
        "3": 1.0,
        "5": 1.0,
        "10": 1.0
      },
      "scores": [
        0.96,
        1.0,
        1.0
      ]
    },
    "forward_chaining": {
      "pass_rate": 0.0,
      "mean_score": 0.21533333333333338,
      "std_score": 0.2479587779360827,
      "pass_at_k": {
        "1": 0.0,
        "3": 0.0,
        "5": 0.0,
        "10": 0.0
      },
      "pass_hat_k": {
        "1": 0.0,
        "3": 0.0,
        "5": 0.0,
        "10": 0.0
      },
      "scores": [
        0.04000000000000001,
        0.5660000000000001,
        0.04000000000000001
      ]
    },
    "knowledge_alignment": {
      "pass_rate": 1.0,
      "mean_score": 0.96,
      "std_score": 0.0,
      "pass_at_k": {
        "1": 1.0,
        "3": 1.0,
        "5": 1.0,
        "10": 1.0
      },
      "pass_hat_k": {
        "1": 1.0,
        "3": 1.0,
        "5": 1.0,
        "10": 1.0
      },
      "scores": [
        0.96,
        0.96,
        0.96
      ]
    },
    "pattern_recognition": {
      "pass_rate": 1.0,
      "mean_score": 1.0,
      "std_score": 0.0,
      "pass_at_k": {
        "1": 1.0,
        "3": 1.0,
        "5": 1.0,
        "10": 1.0
      },
      "pass_hat_k": {
        "1": 1.0,
        "3": 1.0,
        "5": 1.0,
        "10": 1.0
      },
      "scores": [
        1.0,
        1.0,
        1.0
      ]
    },
    "representational_restructuring": {
      "pass_rate": 1.0,
      "mean_score": 1.0,
      "std_score": 0.0,
      "pass_at_k": {
        "1": 1.0,
        "3": 1.0,
        "5": 1.0,
        "10": 1.0
      },
      "pass_hat_k": {
        "1": 1.0,